{"count":1,"self":44.726527999999995,"total":45.0087683,"children":{"InitializeActuators":{"count":1,"self":0.0005044,"total":0.0005044,"children":null},"InitializeSensors":{"count":1,"self":0.002,"total":0.002,"children":null},"AgentSendState":{"count":1940,"self":0.0151233,"total":0.0353024,"children":{"CollectObservations":{"count":388,"self":0.014162899999999999,"total":0.014162899999999999,"children":null},"WriteActionMask":{"count":388,"self":0.0020025999999999998,"total":0.0020025999999999998,"children":null},"RequestDecision":{"count":388,"self":0.0040136,"total":0.0040136,"children":null}}},"DecideAction":{"count":1940,"self":0.22719609999999998,"total":0.23371789999999998,"children":{"RayPerceptionSensor.Perceive":{"count":388,"self":0.0065217999999999995,"total":0.0065217999999999995,"children":null}}},"AgentAct":{"count":1940,"self":0.010715899999999999,"total":0.010715899999999999,"children":null}},"gauges":{"Bertil.CumulativeReward":{"count":4,"max":335.070068,"min":2.69726753,"runningAverage":102.322388,"value":2.69726753,"weightedAverage":91.24683}},"metadata":{"timer_format_version":"0.1.0","start_time_seconds":"1738169003","unity_version":"6000.0.29f1","command_line_arguments":"C:\\Program Files\\Unity\\Hub\\Editor\\6000.0.29f1\\Editor\\Unity.exe -projectpath C:\\Users\\caile\\Desktop\\beep-revisted\\luminate\\bertil-training -useHub -hubIPC -cloudEnvironment production","communication_protocol_version":"1.5.0","com.unity.ml-agents_version":"3.0.0","scene_name":"debug-scene","end_time_seconds":"1738169048"}}